{
  "means_by_correctness": {
    "agreement_ratio": {
      "mean_correct": 0.9434731934731935,
      "mean_incorrect": 0.4823943661971831,
      "direction": "\u2191"
    },
    "entropy_freq": {
      "mean_correct": 0.13241790548620225,
      "mean_incorrect": 0.8334307632964939,
      "direction": "\u2193"
    },
    "group_top_frac": {
      "mean_correct": 0.9595286544915896,
      "mean_incorrect": 0.5940814252263049,
      "direction": "\u2191"
    },
    "prm_margin": {
      "mean_correct": 0.0054674126328671325,
      "mean_incorrect": 0.09007413622394365,
      "direction": "\u2193"
    },
    "prm_std": {
      "mean_correct": 0.04040928701364371,
      "mean_incorrect": 0.21892937014916572,
      "direction": "\u2193"
    },
    "entropy_weighted": {
      "mean_correct": 0.09459203749245207,
      "mean_incorrect": 0.6738203721802662,
      "direction": "\u2193"
    }
  },
  "coverage_percentages": [
    10,
    20,
    30,
    40,
    50
  ],
  "selected_k_by_coverage": {
    "10": 50,
    "20": 100,
    "30": 150,
    "40": 200,
    "50": 250
  },
  "totals": {
    "total_samples": 500,
    "total_correct": 429,
    "total_incorrect": 71
  },
  "recall_of_incorrect": {
    "agreement_ratio": [
      57.74647887323944,
      81.69014084507042,
      87.32394366197182,
      88.73239436619718,
      90.14084507042253
    ],
    "entropy_freq": [
      52.11267605633803,
      81.69014084507042,
      87.32394366197182,
      88.73239436619718,
      90.14084507042253
    ],
    "group_top_frac": [
      47.88732394366197,
      80.28169014084507,
      87.32394366197182,
      88.73239436619718,
      90.14084507042253
    ],
    "prm_margin": [
      43.66197183098591,
      47.88732394366197,
      57.74647887323944,
      60.563380281690144,
      61.971830985915496
    ],
    "prm_std": [
      28.169014084507044,
      64.78873239436619,
      77.46478873239437,
      78.87323943661971,
      83.09859154929578
    ],
    "entropy_weighted": [
      40.84507042253521,
      77.46478873239437,
      87.32394366197182,
      88.73239436619718,
      90.14084507042253
    ]
  },
  "percent_incorrect_in_coverage": {
    "agreement_ratio": [
      82.0,
      58.0,
      41.333333333333336,
      31.5,
      25.6
    ],
    "entropy_freq": [
      74.0,
      58.0,
      41.333333333333336,
      31.5,
      25.6
    ],
    "group_top_frac": [
      68.0,
      57.0,
      41.333333333333336,
      31.5,
      25.6
    ],
    "prm_margin": [
      62.0,
      34.0,
      27.333333333333332,
      21.5,
      17.6
    ],
    "prm_std": [
      40.0,
      46.0,
      36.666666666666664,
      28.0,
      23.6
    ],
    "entropy_weighted": [
      58.0,
      55.0,
      41.333333333333336,
      31.5,
      25.6
    ]
  },
  "ft_counts": {
    "agreement_ratio": [
      [
        41,
        9
      ],
      [
        58,
        42
      ],
      [
        62,
        88
      ],
      [
        63,
        137
      ],
      [
        64,
        186
      ]
    ],
    "entropy_freq": [
      [
        37,
        13
      ],
      [
        58,
        42
      ],
      [
        62,
        88
      ],
      [
        63,
        137
      ],
      [
        64,
        186
      ]
    ],
    "group_top_frac": [
      [
        34,
        16
      ],
      [
        57,
        43
      ],
      [
        62,
        88
      ],
      [
        63,
        137
      ],
      [
        64,
        186
      ]
    ],
    "prm_margin": [
      [
        31,
        19
      ],
      [
        34,
        66
      ],
      [
        41,
        109
      ],
      [
        43,
        157
      ],
      [
        44,
        206
      ]
    ],
    "prm_std": [
      [
        20,
        30
      ],
      [
        46,
        54
      ],
      [
        55,
        95
      ],
      [
        56,
        144
      ],
      [
        59,
        191
      ]
    ],
    "entropy_weighted": [
      [
        29,
        21
      ],
      [
        55,
        45
      ],
      [
        62,
        88
      ],
      [
        63,
        137
      ],
      [
        64,
        186
      ]
    ]
  }
}