{
  "aggregated_analysis": true,
  "run_ids": [
    "gfw8x07r",
    "77pyab58",
    "tqfyvf5w"
  ],
  "total_samples": 1500,
  "total_correct": 1289,
  "total_incorrect": 211,
  "accuracy": 85.93333333333334,
  "signal_means": {
    "agreement_ratio": {
      "mean_correct": 0.9472459270752521,
      "mean_incorrect": 0.48696682464454977,
      "low_is_uncertain": true
    },
    "entropy_freq": {
      "mean_correct": 0.12455805569598866,
      "mean_incorrect": 0.834931921841769,
      "low_is_uncertain": false
    },
    "group_top_frac": {
      "mean_correct": 0.9623018405751282,
      "mean_incorrect": 0.6046342680545449,
      "low_is_uncertain": true
    }
  }
}