{
  "means_by_correctness": {
    "agreement_ratio": {
      "mean_correct": 0.9481351981351981,
      "mean_incorrect": 0.45774647887323944,
      "direction": "\u2191"
    },
    "entropy_freq": {
      "mean_correct": 0.12094775390735188,
      "mean_incorrect": 0.8551274678541307,
      "direction": "\u2193"
    },
    "consensus_support": {
      "mean_correct": 0.9597050283633078,
      "mean_incorrect": 0.5753763675043859,
      "direction": "\u2191"
    },
    "prm_margin": {
      "mean_correct": 0.004181690705128205,
      "mean_incorrect": 0.10264565911126759,
      "direction": "\u2193"
    },
    "prm_std": {
      "mean_correct": 0.02930513974204611,
      "mean_incorrect": 0.237802663985901,
      "direction": "\u2193"
    },
    "entropy_weighted": {
      "mean_correct": 0.09795769941548532,
      "mean_incorrect": 0.6870884001529468,
      "direction": "\u2193"
    }
  },
  "coverage_percentages": [
    10,
    20,
    30,
    40,
    50
  ],
  "selected_k_by_coverage": {
    "10": 50,
    "20": 100,
    "30": 150,
    "40": 200,
    "50": 250
  },
  "totals": {
    "total_samples": 500,
    "total_correct": 429,
    "total_incorrect": 71
  },
  "recall_of_incorrect": {
    "agreement_ratio": [
      54.929577464788736,
      81.69014084507042,
      88.73239436619718,
      90.14084507042253,
      91.54929577464789
    ],
    "entropy_freq": [
      53.521126760563384,
      81.69014084507042,
      88.73239436619718,
      90.14084507042253,
      91.54929577464789
    ],
    "consensus_support": [
      52.11267605633803,
      78.87323943661971,
      88.73239436619718,
      90.14084507042253,
      91.54929577464789
    ],
    "prm_margin": [
      49.29577464788732,
      54.929577464788736,
      60.563380281690144,
      67.6056338028169,
      69.01408450704226
    ],
    "prm_std": [
      35.2112676056338,
      76.05633802816901,
      81.69014084507042,
      83.09859154929578,
      85.91549295774648
    ],
    "entropy_weighted": [
      45.070422535211264,
      73.2394366197183,
      88.73239436619718,
      90.14084507042253,
      91.54929577464789
    ]
  },
  "percent_incorrect_in_coverage": {
    "agreement_ratio": [
      78.0,
      58.0,
      42.0,
      32.0,
      26.0
    ],
    "entropy_freq": [
      76.0,
      58.0,
      42.0,
      32.0,
      26.0
    ],
    "consensus_support": [
      74.0,
      56.0,
      42.0,
      32.0,
      26.0
    ],
    "prm_margin": [
      70.0,
      39.0,
      28.666666666666668,
      24.0,
      19.6
    ],
    "prm_std": [
      50.0,
      54.0,
      38.666666666666664,
      29.5,
      24.4
    ],
    "entropy_weighted": [
      64.0,
      52.0,
      42.0,
      32.0,
      26.0
    ]
  },
  "ft_counts": {
    "agreement_ratio": [
      [
        39,
        11
      ],
      [
        58,
        42
      ],
      [
        63,
        87
      ],
      [
        64,
        136
      ],
      [
        65,
        185
      ]
    ],
    "entropy_freq": [
      [
        38,
        12
      ],
      [
        58,
        42
      ],
      [
        63,
        87
      ],
      [
        64,
        136
      ],
      [
        65,
        185
      ]
    ],
    "consensus_support": [
      [
        37,
        13
      ],
      [
        56,
        44
      ],
      [
        63,
        87
      ],
      [
        64,
        136
      ],
      [
        65,
        185
      ]
    ],
    "prm_margin": [
      [
        35,
        15
      ],
      [
        39,
        61
      ],
      [
        43,
        107
      ],
      [
        48,
        152
      ],
      [
        49,
        201
      ]
    ],
    "prm_std": [
      [
        25,
        25
      ],
      [
        54,
        46
      ],
      [
        58,
        92
      ],
      [
        59,
        141
      ],
      [
        61,
        189
      ]
    ],
    "entropy_weighted": [
      [
        32,
        18
      ],
      [
        52,
        48
      ],
      [
        63,
        87
      ],
      [
        64,
        136
      ],
      [
        65,
        185
      ]
    ]
  }
}