{
  "means_by_correctness": {
    "agreement_ratio": {
      "mean_correct": 0.9501160092807425,
      "mean_incorrect": 0.5217391304347826,
      "direction": "\u2191"
    },
    "entropy_freq": {
      "mean_correct": 0.12032822717469693,
      "mean_incorrect": 0.8156956680712859,
      "direction": "\u2193"
    },
    "group_top_frac": {
      "mean_correct": 0.9676469200848937,
      "mean_incorrect": 0.6455989460236223,
      "direction": "\u2191"
    },
    "prm_margin": {
      "mean_correct": 0.006566589780278422,
      "mean_incorrect": 0.09263544497391304,
      "direction": "\u2193"
    },
    "prm_std": {
      "mean_correct": 0.04012948095713358,
      "mean_incorrect": 0.21175105519246967,
      "direction": "\u2193"
    },
    "entropy_weighted": {
      "mean_correct": 0.08197302831273308,
      "mean_incorrect": 0.6218400295044083,
      "direction": "\u2193"
    }
  },
  "coverage_percentages": [
    10,
    20,
    30,
    40,
    50
  ],
  "selected_k_by_coverage": {
    "10": 50,
    "20": 100,
    "30": 150,
    "40": 200,
    "50": 250
  },
  "totals": {
    "total_samples": 500,
    "total_correct": 431,
    "total_incorrect": 69
  },
  "recall_of_incorrect": {
    "agreement_ratio": [
      57.971014492753625,
      78.26086956521739,
      85.5072463768116,
      88.40579710144928,
      91.30434782608695
    ],
    "entropy_freq": [
      55.072463768115945,
      78.26086956521739,
      85.5072463768116,
      88.40579710144928,
      91.30434782608695
    ],
    "group_top_frac": [
      56.52173913043478,
      79.71014492753623,
      85.5072463768116,
      88.40579710144928,
      91.30434782608695
    ],
    "prm_margin": [
      33.333333333333336,
      39.130434782608695,
      47.82608695652174,
      55.072463768115945,
      59.42028985507246
    ],
    "prm_std": [
      30.434782608695652,
      63.768115942028984,
      75.3623188405797,
      78.26086956521739,
      84.05797101449275
    ],
    "entropy_weighted": [
      40.57971014492754,
      79.71014492753623,
      85.5072463768116,
      88.40579710144928,
      91.30434782608695
    ]
  },
  "percent_incorrect_in_coverage": {
    "agreement_ratio": [
      80.0,
      54.0,
      39.333333333333336,
      30.5,
      25.2
    ],
    "entropy_freq": [
      76.0,
      54.0,
      39.333333333333336,
      30.5,
      25.2
    ],
    "group_top_frac": [
      78.0,
      55.0,
      39.333333333333336,
      30.5,
      25.2
    ],
    "prm_margin": [
      46.0,
      27.0,
      22.0,
      19.0,
      16.4
    ],
    "prm_std": [
      42.0,
      44.0,
      34.666666666666664,
      27.0,
      23.2
    ],
    "entropy_weighted": [
      56.0,
      55.0,
      39.333333333333336,
      30.5,
      25.2
    ]
  },
  "ft_counts": {
    "agreement_ratio": [
      [
        40,
        10
      ],
      [
        54,
        46
      ],
      [
        59,
        91
      ],
      [
        61,
        139
      ],
      [
        63,
        187
      ]
    ],
    "entropy_freq": [
      [
        38,
        12
      ],
      [
        54,
        46
      ],
      [
        59,
        91
      ],
      [
        61,
        139
      ],
      [
        63,
        187
      ]
    ],
    "group_top_frac": [
      [
        39,
        11
      ],
      [
        55,
        45
      ],
      [
        59,
        91
      ],
      [
        61,
        139
      ],
      [
        63,
        187
      ]
    ],
    "prm_margin": [
      [
        23,
        27
      ],
      [
        27,
        73
      ],
      [
        33,
        117
      ],
      [
        38,
        162
      ],
      [
        41,
        209
      ]
    ],
    "prm_std": [
      [
        21,
        29
      ],
      [
        44,
        56
      ],
      [
        52,
        98
      ],
      [
        54,
        146
      ],
      [
        58,
        192
      ]
    ],
    "entropy_weighted": [
      [
        28,
        22
      ],
      [
        55,
        45
      ],
      [
        59,
        91
      ],
      [
        61,
        139
      ],
      [
        63,
        187
      ]
    ]
  }
}