{
  "means_by_correctness": {
    "agreement_ratio": {
      "mean_correct": 0.8555555555555555,
      "mean_incorrect": 0.42857142857142855,
      "direction": "\u2191"
    },
    "entropy_freq": {
      "mean_correct": 0.3202581408036243,
      "mean_incorrect": 0.9137023245068552,
      "direction": "\u2193"
    },
    "entropy_weighted": {
      "mean_correct": 0.29058573033500856,
      "mean_incorrect": 0.8806858247972288,
      "direction": "\u2193"
    },
    "prm_margin": {
      "mean_correct": 0.006787109375,
      "mean_incorrect": 0.04115513392857143,
      "direction": "\u2193"
    },
    "prm_top_frac": {
      "mean_correct": 0.2649427155170817,
      "mean_incorrect": 0.29714128657038563,
      "direction": "\u2193"
    },
    "consensus_support": {
      "mean_correct": 0.874184815095305,
      "mean_incorrect": 0.46050176329880455,
      "direction": "\u2191"
    },
    "prm_std": {
      "mean_correct": 0.050520614944863144,
      "mean_incorrect": 0.13560025569986278,
      "direction": "\u2193"
    },
    "prm_mean": {
      "mean_correct": 0.9573974185519445,
      "mean_incorrect": 0.8561677115305356,
      "direction": "\u2191"
    }
  },
  "coverage_percentages": [
    10,
    20,
    30,
    40,
    50
  ],
  "selected_k_by_coverage": {
    "10": 50,
    "20": 100,
    "30": 150,
    "40": 200,
    "50": 250
  },
  "totals": {
    "total_samples": 500,
    "total_correct": 360,
    "total_incorrect": 140
  },
  "recall_of_incorrect": {
    "agreement_ratio": [
      32.142857142857146,
      56.42857142857143,
      72.14285714285714,
      83.57142857142857,
      94.28571428571429
    ],
    "entropy_freq": [
      28.571428571428573,
      55.714285714285715,
      71.42857142857143,
      83.57142857142857,
      94.28571428571429
    ],
    "entropy_weighted": [
      27.142857142857142,
      55.0,
      73.57142857142857,
      84.28571428571429,
      93.57142857142857
    ],
    "prm_margin": [
      25.714285714285715,
      48.57142857142857,
      63.57142857142857,
      66.42857142857143,
      70.71428571428571
    ],
    "prm_top_frac": [
      18.571428571428573,
      42.142857142857146,
      60.714285714285715,
      72.14285714285714,
      85.0
    ],
    "consensus_support": [
      28.571428571428573,
      58.57142857142857,
      75.0,
      90.71428571428571,
      95.0
    ],
    "prm_std": [
      15.0,
      40.0,
      57.857142857142854,
      70.71428571428571,
      83.57142857142857
    ],
    "prm_mean": [
      21.428571428571427,
      40.714285714285715,
      61.42857142857143,
      72.85714285714286,
      83.57142857142857
    ]
  },
  "percent_incorrect_in_coverage": {
    "agreement_ratio": [
      90.0,
      79.0,
      67.33333333333333,
      58.5,
      52.8
    ],
    "entropy_freq": [
      80.0,
      78.0,
      66.66666666666667,
      58.5,
      52.8
    ],
    "entropy_weighted": [
      76.0,
      77.0,
      68.66666666666667,
      59.0,
      52.4
    ],
    "prm_margin": [
      72.0,
      68.0,
      59.333333333333336,
      46.5,
      39.6
    ],
    "prm_top_frac": [
      52.0,
      59.0,
      56.666666666666664,
      50.5,
      47.6
    ],
    "consensus_support": [
      80.0,
      82.0,
      70.0,
      63.5,
      53.2
    ],
    "prm_std": [
      42.0,
      56.0,
      54.0,
      49.5,
      46.8
    ],
    "prm_mean": [
      60.0,
      57.0,
      57.333333333333336,
      51.0,
      46.8
    ]
  },
  "ft_counts": {
    "agreement_ratio": [
      [
        45,
        5
      ],
      [
        79,
        21
      ],
      [
        101,
        49
      ],
      [
        117,
        83
      ],
      [
        132,
        118
      ]
    ],
    "entropy_freq": [
      [
        40,
        10
      ],
      [
        78,
        22
      ],
      [
        100,
        50
      ],
      [
        117,
        83
      ],
      [
        132,
        118
      ]
    ],
    "entropy_weighted": [
      [
        38,
        12
      ],
      [
        77,
        23
      ],
      [
        103,
        47
      ],
      [
        118,
        82
      ],
      [
        131,
        119
      ]
    ],
    "prm_margin": [
      [
        36,
        14
      ],
      [
        68,
        32
      ],
      [
        89,
        61
      ],
      [
        93,
        107
      ],
      [
        99,
        151
      ]
    ],
    "prm_top_frac": [
      [
        26,
        24
      ],
      [
        59,
        41
      ],
      [
        85,
        65
      ],
      [
        101,
        99
      ],
      [
        119,
        131
      ]
    ],
    "consensus_support": [
      [
        40,
        10
      ],
      [
        82,
        18
      ],
      [
        105,
        45
      ],
      [
        127,
        73
      ],
      [
        133,
        117
      ]
    ],
    "prm_std": [
      [
        21,
        29
      ],
      [
        56,
        44
      ],
      [
        81,
        69
      ],
      [
        99,
        101
      ],
      [
        117,
        133
      ]
    ],
    "prm_mean": [
      [
        30,
        20
      ],
      [
        57,
        43
      ],
      [
        86,
        64
      ],
      [
        102,
        98
      ],
      [
        117,
        133
      ]
    ]
  }
}